[{"model": "admin.logentry", "pk": 1, "fields": {"action_time": "2021-11-27T15:06:12.389Z", "user": 1, "content_type": 8, "object_id": "1", "object_repr": "Rings", "action_flag": 1, "change_message": "[{\"added\": {}}]"}}, {"model": "admin.logentry", "pk": 2, "fields": {"action_time": "2021-11-27T15:06:20.514Z", "user": 1, "content_type": 8, "object_id": "2", "object_repr": "Necklaces", "action_flag": 1, "change_message": "[{\"added\": {}}]"}}, {"model": "admin.logentry", "pk": 3, "fields": {"action_time": "2021-11-27T15:06:28.702Z", "user": 1, "content_type": 8, "object_id": "3", "object_repr": "Bracelets", "action_flag": 1, "change_message": "[{\"added\": {}}]"}}, {"model": "admin.logentry", "pk": 4, "fields": {"action_time": "2021-11-27T15:06:39.925Z", "user": 1, "content_type": 8, "object_id": "4", "object_repr": "Earrings", "action_flag": 1, "change_message": "[{\"added\": {}}]"}}, {"model": "admin.logentry", "pk": 5, "fields": {"action_time": "2021-11-27T15:06:51.843Z", "user": 1, "content_type": 8, "object_id": "5", "object_repr": "Miscellaneous", "action_flag": 1, "change_message": "[{\"added\": {}}]"}}, {"model": "admin.logentry", "pk": 6, "fields": {"action_time": "2021-11-27T15:06:58.730Z", "user": 1, "content_type": 8, "object_id": "6", "object_repr": "Handicrafts", "action_flag": 1, "change_message": "[{\"added\": {}}]"}}, {"model": "admin.logentry", "pk": 7, "fields": {"action_time": "2021-11-27T15:08:10.876Z", "user": 1, "content_type": 7, "object_id": "1", "object_repr": "Product object (1)", "action_flag": 1, "change_message": "[{\"added\": {}}]"}}, {"model": "admin.logentry", "pk": 8, "fields": {"action_time": "2021-11-27T20:30:29.968Z", "user": 1, "content_type": 7, "object_id": "2", "object_repr": "Product object (2)", "action_flag": 1, "change_message": "[{\"added\": {}}]"}}, {"model": "admin.logentry", "pk": 9, "fields": {"action_time": "2021-12-18T06:36:22.960Z", "user": 1, "content_type": 10, "object_id": "2", "object_repr": "Order object (2)", "action_flag": 1, "change_message": "[{\"added\": {}}]"}}, {"model": "admin.logentry", "pk": 10, "fields": {"action_time": "2021-12-18T09:59:14.975Z", "user": 1, "content_type": 10, "object_id": "5", "object_repr": "Order object (5)", "action_flag": 2, "change_message": "[{\"changed\": {\"fields\": [\"Status\"]}}]"}}, {"model": "admin.logentry", "pk": 11, "fields": {"action_time": "2021-12-19T05:57:58.817Z", "user": 1, "content_type": 7, "object_id": "3", "object_repr": "Product object (3)", "action_flag": 1, "change_message": "[{\"added\": {}}]"}}, {"model": "admin.logentry", "pk": 12, "fields": {"action_time": "2021-12-19T12:07:59.019Z", "user": 1, "content_type": 7, "object_id": "3", "object_repr": "Product object (3)", "action_flag": 3, "change_message": ""}}, {"model": "admin.logentry", "pk": 13, "fields": {"action_time": "2021-12-19T12:07:59.037Z", "user": 1, "content_type": 7, "object_id": "2", "object_repr": "Product object (2)", "action_flag": 3, "change_message": ""}}, {"model": "admin.logentry", "pk": 14, "fields": {"action_time": "2021-12-19T12:08:26.037Z", "user": 1, "content_type": 7, "object_id": "4", "object_repr": "Product object (4)", "action_flag": 1, "change_message": "[{\"added\": {}}]"}}, {"model": "admin.logentry", "pk": 15, "fields": {"action_time": "2021-12-19T12:08:54.190Z", "user": 1, "content_type": 7, "object_id": "5", "object_repr": "Product object (5)", "action_flag": 1, "change_message": "[{\"added\": {}}]"}}, {"model": "admin.logentry", "pk": 16, "fields": {"action_time": "2021-12-19T12:09:26.750Z", "user": 1, "content_type": 7, "object_id": "6", "object_repr": "Product object (6)", "action_flag": 1, "change_message": "[{\"added\": {}}]"}}, {"model": "admin.logentry", "pk": 17, "fields": {"action_time": "2021-12-19T12:09:48.997Z", "user": 1, "content_type": 7, "object_id": "7", "object_repr": "Product object (7)", "action_flag": 1, "change_message": "[{\"added\": {}}]"}}, {"model": "admin.logentry", "pk": 18, "fields": {"action_time": "2021-12-19T12:10:10.594Z", "user": 1, "content_type": 7, "object_id": "8", "object_repr": "Product object (8)", "action_flag": 1, "change_message": "[{\"added\": {}}]"}}, {"model": "admin.logentry", "pk": 19, "fields": {"action_time": "2021-12-19T12:10:40.159Z", "user": 1, "content_type": 7, "object_id": "9", "object_repr": "Product object (9)", "action_flag": 1, "change_message": "[{\"added\": {}}]"}}, {"model": "admin.logentry", "pk": 20, "fields": {"action_time": "2021-12-20T02:13:51.288Z", "user": 1, "content_type": 7, "object_id": "10", "object_repr": "Product object (10)", "action_flag": 1, "change_message": "[{\"added\": {}}]"}}, {"model": "admin.logentry", "pk": 21, "fields": {"action_time": "2021-12-20T02:14:20.694Z", "user": 1, "content_type": 7, "object_id": "10", "object_repr": "Product object (10)", "action_flag": 2, "change_message": "[{\"changed\": {\"fields\": [\"Image4\"]}}]"}}, {"model": "admin.logentry", "pk": 22, "fields": {"action_time": "2021-12-20T07:01:27.625Z", "user": 1, "content_type": 7, "object_id": "10", "object_repr": "Product object (10)", "action_flag": 2, "change_message": "[{\"changed\": {\"fields\": [\"Category\"]}}]"}}, {"model": "admin.logentry", "pk": 23, "fields": {"action_time": "2021-12-26T13:52:28.328Z", "user": 1, "content_type": 7, "object_id": "11", "object_repr": "Product object (11)", "action_flag": 1, "change_message": "[{\"added\": {}}]"}}, {"model": "admin.logentry", "pk": 24, "fields": {"action_time": "2022-01-12T21:23:32.626Z", "user": 1, "content_type": 10, "object_id": "7", "object_repr": "Order object (7)", "action_flag": 3, "change_message": ""}}, {"model": "admin.logentry", "pk": 25, "fields": {"action_time": "2022-01-12T21:23:58.205Z", "user": 1, "content_type": 10, "object_id": "8", "object_repr": "Order object (8)", "action_flag": 3, "change_message": ""}}, {"model": "admin.logentry", "pk": 26, "fields": {"action_time": "2022-01-12T21:24:23.302Z", "user": 1, "content_type": 10, "object_id": "9", "object_repr": "Order object (9)", "action_flag": 3, "change_message": ""}}, {"model": "admin.logentry", "pk": 27, "fields": {"action_time": "2022-01-12T21:24:27.493Z", "user": 1, "content_type": 10, "object_id": "10", "object_repr": "Order object (10)", "action_flag": 3, "change_message": ""}}, {"model": "admin.logentry", "pk": 28, "fields": {"action_time": "2022-01-12T21:24:32.070Z", "user": 1, "content_type": 10, "object_id": "11", "object_repr": "Order object (11)", "action_flag": 3, "change_message": ""}}, {"model": "admin.logentry", "pk": 29, "fields": {"action_time": "2022-01-12T21:24:35.816Z", "user": 1, "content_type": 10, "object_id": "12", "object_repr": "Order object (12)", "action_flag": 3, "change_message": ""}}, {"model": "admin.logentry", "pk": 30, "fields": {"action_time": "2022-01-12T21:24:39.203Z", "user": 1, "content_type": 10, "object_id": "13", "object_repr": "Order object (13)", "action_flag": 3, "change_message": ""}}, {"model": "admin.logentry", "pk": 31, "fields": {"action_time": "2022-01-12T21:24:44.096Z", "user": 1, "content_type": 10, "object_id": "17", "object_repr": "Order object (17)", "action_flag": 3, "change_message": ""}}, {"model": "admin.logentry", "pk": 32, "fields": {"action_time": "2022-01-12T21:24:47.506Z", "user": 1, "content_type": 10, "object_id": "16", "object_repr": "Order object (16)", "action_flag": 3, "change_message": ""}}, {"model": "admin.logentry", "pk": 33, "fields": {"action_time": "2022-01-12T21:24:50.913Z", "user": 1, "content_type": 10, "object_id": "15", "object_repr": "Order object (15)", "action_flag": 3, "change_message": ""}}, {"model": "admin.logentry", "pk": 34, "fields": {"action_time": "2022-01-12T21:25:21.716Z", "user": 1, "content_type": 10, "object_id": "14", "object_repr": "Order object (14)", "action_flag": 3, "change_message": ""}}, {"model": "admin.logentry", "pk": 35, "fields": {"action_time": "2022-01-12T21:26:04.403Z", "user": 1, "content_type": 4, "object_id": "2", "object_repr": "Shalini", "action_flag": 3, "change_message": ""}}, {"model": "admin.logentry", "pk": 36, "fields": {"action_time": "2022-01-12T21:26:12.965Z", "user": 1, "content_type": 4, "object_id": "3", "object_repr": "Shalini-admin", "action_flag": 3, "change_message": ""}}, {"model": "admin.logentry", "pk": 37, "fields": {"action_time": "2022-01-12T21:26:45.108Z", "user": 1, "content_type": 9, "object_id": "6", "object_repr": "Customer object (6)", "action_flag": 3, "change_message": ""}}, {"model": "admin.logentry", "pk": 38, "fields": {"action_time": "2022-01-12T21:26:56.155Z", "user": 1, "content_type": 9, "object_id": "5", "object_repr": "Customer object (5)", "action_flag": 3, "change_message": ""}}, {"model": "admin.logentry", "pk": 39, "fields": {"action_time": "2022-01-12T21:27:00.662Z", "user": 1, "content_type": 9, "object_id": "4", "object_repr": "Customer object (4)", "action_flag": 3, "change_message": ""}}, {"model": "admin.logentry", "pk": 40, "fields": {"action_time": "2022-01-12T21:27:03.986Z", "user": 1, "content_type": 9, "object_id": "3", "object_repr": "Customer object (3)", "action_flag": 3, "change_message": ""}}, {"model": "admin.logentry", "pk": 41, "fields": {"action_time": "2022-01-12T21:27:09.563Z", "user": 1, "content_type": 9, "object_id": "2", "object_repr": "Customer object (2)", "action_flag": 3, "change_message": ""}}, {"model": "admin.logentry", "pk": 42, "fields": {"action_time": "2022-01-12T21:27:15.053Z", "user": 1, "content_type": 9, "object_id": "1", "object_repr": "Customer object (1)", "action_flag": 3, "change_message": ""}}, {"model": "admin.logentry", "pk": 43, "fields": {"action_time": "2022-01-12T23:15:08.589Z", "user": 1, "content_type": 9, "object_id": "7", "object_repr": "gaurang", "action_flag": 2, "change_message": "[{\"changed\": {\"fields\": [\"User\", \"Last name\"]}}]"}}, {"model": "admin.logentry", "pk": 44, "fields": {"action_time": "2022-01-14T19:17:21.258Z", "user": 1, "content_type": 10, "object_id": "1", "object_repr": "1", "action_flag": 2, "change_message": "[{\"changed\": {\"fields\": [\"Transaction id\"]}}]"}}, {"model": "admin.logentry", "pk": 45, "fields": {"action_time": "2022-01-14T19:17:43.713Z", "user": 1, "content_type": 13, "object_id": "1", "object_repr": "OrderItem object (1)", "action_flag": 1, "change_message": "[{\"added\": {}}]"}}, {"model": "admin.logentry", "pk": 46, "fields": {"action_time": "2022-01-14T19:18:05.317Z", "user": 1, "content_type": 13, "object_id": "2", "object_repr": "OrderItem object (2)", "action_flag": 1, "change_message": "[{\"added\": {}}]"}}, {"model": "admin.logentry", "pk": 47, "fields": {"action_time": "2022-01-14T19:42:12.442Z", "user": 1, "content_type": 9, "object_id": "7", "object_repr": "gaurang", "action_flag": 2, "change_message": "[]"}}, {"model": "admin.logentry", "pk": 48, "fields": {"action_time": "2022-01-19T11:10:25.234Z", "user": 1, "content_type": 7, "object_id": "12", "object_repr": "This is a blue necklace with perls", "action_flag": 1, "change_message": "[{\"added\": {}}]"}}, {"model": "auth.permission", "pk": 1, "fields": {"name": "Can add log entry", "content_type": 1, "codename": "add_logentry"}}, {"model": "auth.permission", "pk": 2, "fields": {"name": "Can change log entry", "content_type": 1, "codename": "change_logentry"}}, {"model": "auth.permission", "pk": 3, "fields": {"name": "Can delete log entry", "content_type": 1, "codename": "delete_logentry"}}, {"model": "auth.permission", "pk": 4, "fields": {"name": "Can view log entry", "content_type": 1, "codename": "view_logentry"}}, {"model": "auth.permission", "pk": 5, "fields": {"name": "Can add permission", "content_type": 2, "codename": "add_permission"}}, {"model": "auth.permission", "pk": 6, "fields": {"name": "Can change permission", "content_type": 2, "codename": "change_permission"}}, {"model": "auth.permission", "pk": 7, "fields": {"name": "Can delete permission", "content_type": 2, "codename": "delete_permission"}}, {"model": "auth.permission", "pk": 8, "fields": {"name": "Can view permission", "content_type": 2, "codename": "view_permission"}}, {"model": "auth.permission", "pk": 9, "fields": {"name": "Can add group", "content_type": 3, "codename": "add_group"}}, {"model": "auth.permission", "pk": 10, "fields": {"name": "Can change group", "content_type": 3, "codename": "change_group"}}, {"model": "auth.permission", "pk": 11, "fields": {"name": "Can delete group", "content_type": 3, "codename": "delete_group"}}, {"model": "auth.permission", "pk": 12, "fields": {"name": "Can view group", "content_type": 3, "codename": "view_group"}}, {"model": "auth.permission", "pk": 13, "fields": {"name": "Can add user", "content_type": 4, "codename": "add_user"}}, {"model": "auth.permission", "pk": 14, "fields": {"name": "Can change user", "content_type": 4, "codename": "change_user"}}, {"model": "auth.permission", "pk": 15, "fields": {"name": "Can delete user", "content_type": 4, "codename": "delete_user"}}, {"model": "auth.permission", "pk": 16, "fields": {"name": "Can view user", "content_type": 4, "codename": "view_user"}}, {"model": "auth.permission", "pk": 17, "fields": {"name": "Can add content type", "content_type": 5, "codename": "add_contenttype"}}, {"model": "auth.permission", "pk": 18, "fields": {"name": "Can change content type", "content_type": 5, "codename": "change_contenttype"}}, {"model": "auth.permission", "pk": 19, "fields": {"name": "Can delete content type", "content_type": 5, "codename": "delete_contenttype"}}, {"model": "auth.permission", "pk": 20, "fields": {"name": "Can view content type", "content_type": 5, "codename": "view_contenttype"}}, {"model": "auth.permission", "pk": 21, "fields": {"name": "Can add session", "content_type": 6, "codename": "add_session"}}, {"model": "auth.permission", "pk": 22, "fields": {"name": "Can change session", "content_type": 6, "codename": "change_session"}}, {"model": "auth.permission", "pk": 23, "fields": {"name": "Can delete session", "content_type": 6, "codename": "delete_session"}}, {"model": "auth.permission", "pk": 24, "fields": {"name": "Can view session", "content_type": 6, "codename": "view_session"}}, {"model": "auth.permission", "pk": 25, "fields": {"name": "Can add product", "content_type": 7, "codename": "add_product"}}, {"model": "auth.permission", "pk": 26, "fields": {"name": "Can change product", "content_type": 7, "codename": "change_product"}}, {"model": "auth.permission", "pk": 27, "fields": {"name": "Can delete product", "content_type": 7, "codename": "delete_product"}}, {"model": "auth.permission", "pk": 28, "fields": {"name": "Can view product", "content_type": 7, "codename": "view_product"}}, {"model": "auth.permission", "pk": 29, "fields": {"name": "Can add category", "content_type": 8, "codename": "add_category"}}, {"model": "auth.permission", "pk": 30, "fields": {"name": "Can change category", "content_type": 8, "codename": "change_category"}}, {"model": "auth.permission", "pk": 31, "fields": {"name": "Can delete category", "content_type": 8, "codename": "delete_category"}}, {"model": "auth.permission", "pk": 32, "fields": {"name": "Can view category", "content_type": 8, "codename": "view_category"}}, {"model": "auth.permission", "pk": 33, "fields": {"name": "Can add customer", "content_type": 9, "codename": "add_customer"}}, {"model": "auth.permission", "pk": 34, "fields": {"name": "Can change customer", "content_type": 9, "codename": "change_customer"}}, {"model": "auth.permission", "pk": 35, "fields": {"name": "Can delete customer", "content_type": 9, "codename": "delete_customer"}}, {"model": "auth.permission", "pk": 36, "fields": {"name": "Can view customer", "content_type": 9, "codename": "view_customer"}}, {"model": "auth.permission", "pk": 37, "fields": {"name": "Can add order", "content_type": 10, "codename": "add_order"}}, {"model": "auth.permission", "pk": 38, "fields": {"name": "Can change order", "content_type": 10, "codename": "change_order"}}, {"model": "auth.permission", "pk": 39, "fields": {"name": "Can delete order", "content_type": 10, "codename": "delete_order"}}, {"model": "auth.permission", "pk": 40, "fields": {"name": "Can view order", "content_type": 10, "codename": "view_order"}}, {"model": "auth.permission", "pk": 41, "fields": {"name": "Can add cart item", "content_type": 11, "codename": "add_cartitem"}}, {"model": "auth.permission", "pk": 42, "fields": {"name": "Can change cart item", "content_type": 11, "codename": "change_cartitem"}}, {"model": "auth.permission", "pk": 43, "fields": {"name": "Can delete cart item", "content_type": 11, "codename": "delete_cartitem"}}, {"model": "auth.permission", "pk": 44, "fields": {"name": "Can view cart item", "content_type": 11, "codename": "view_cartitem"}}, {"model": "auth.permission", "pk": 45, "fields": {"name": "Can add cart", "content_type": 12, "codename": "add_cart"}}, {"model": "auth.permission", "pk": 46, "fields": {"name": "Can change cart", "content_type": 12, "codename": "change_cart"}}, {"model": "auth.permission", "pk": 47, "fields": {"name": "Can delete cart", "content_type": 12, "codename": "delete_cart"}}, {"model": "auth.permission", "pk": 48, "fields": {"name": "Can view cart", "content_type": 12, "codename": "view_cart"}}, {"model": "auth.permission", "pk": 49, "fields": {"name": "Can add order item", "content_type": 13, "codename": "add_orderitem"}}, {"model": "auth.permission", "pk": 50, "fields": {"name": "Can change order item", "content_type": 13, "codename": "change_orderitem"}}, {"model": "auth.permission", "pk": 51, "fields": {"name": "Can delete order item", "content_type": 13, "codename": "delete_orderitem"}}, {"model": "auth.permission", "pk": 52, "fields": {"name": "Can view order item", "content_type": 13, "codename": "view_orderitem"}}, {"model": "auth.permission", "pk": 53, "fields": {"name": "Can add shipping address", "content_type": 14, "codename": "add_shippingaddress"}}, {"model": "auth.permission", "pk": 54, "fields": {"name": "Can change shipping address", "content_type": 14, "codename": "change_shippingaddress"}}, {"model": "auth.permission", "pk": 55, "fields": {"name": "Can delete shipping address", "content_type": 14, "codename": "delete_shippingaddress"}}, {"model": "auth.permission", "pk": 56, "fields": {"name": "Can view shipping address", "content_type": 14, "codename": "view_shippingaddress"}}, {"model": "auth.user", "pk": 1, "fields": {"password": "pbkdf2_sha256$260000$FV6tPuVWstPq3VBbfgDFs4$6Hbrsui0Z5++kfczYR3XsnbfRukcrWzxtWNUf7dHl6g=", "last_login": "2022-01-19T11:35:21.340Z", "is_superuser": true, "username": "admin", "first_name": "", "last_name": "", "email": "admin@gmail.com", "is_staff": true, "is_active": true, "date_joined": "2021-11-27T15:05:11.710Z", "groups": [], "user_permissions": []}}, {"model": "auth.user", "pk": 4, "fields": {"password": "pbkdf2_sha256$260000$6bDuSAmX6kPb8juiwjT2gA$40lu/HVzUaxvju2zBZ+VgT0PKLQwwPgU3s1ZoitpXyA=", "last_login": null, "is_superuser": true, "username": "Shalini@admin", "first_name": "", "last_name": "", "email": "admin@thesparklee.com", "is_staff": true, "is_active": true, "date_joined": "2022-01-19T15:07:40.117Z", "groups": [], "user_permissions": []}}, {"model": "contenttypes.contenttype", "pk": 1, "fields": {"app_label": "admin", "model": "logentry"}}, {"model": "contenttypes.contenttype", "pk": 2, "fields": {"app_label": "auth", "model": "permission"}}, {"model": "contenttypes.contenttype", "pk": 3, "fields": {"app_label": "auth", "model": "group"}}, {"model": "contenttypes.contenttype", "pk": 4, "fields": {"app_label": "auth", "model": "user"}}, {"model": "contenttypes.contenttype", "pk": 5, "fields": {"app_label": "contenttypes", "model": "contenttype"}}, {"model": "contenttypes.contenttype", "pk": 6, "fields": {"app_label": "sessions", "model": "session"}}, {"model": "contenttypes.contenttype", "pk": 7, "fields": {"app_label": "store", "model": "product"}}, {"model": "contenttypes.contenttype", "pk": 8, "fields": {"app_label": "store", "model": "category"}}, {"model": "contenttypes.contenttype", "pk": 9, "fields": {"app_label": "store", "model": "customer"}}, {"model": "contenttypes.contenttype", "pk": 10, "fields": {"app_label": "store", "model": "order"}}, {"model": "contenttypes.contenttype", "pk": 11, "fields": {"app_label": "store", "model": "cartitem"}}, {"model": "contenttypes.contenttype", "pk": 12, "fields": {"app_label": "store", "model": "cart"}}, {"model": "contenttypes.contenttype", "pk": 13, "fields": {"app_label": "store", "model": "orderitem"}}, {"model": "contenttypes.contenttype", "pk": 14, "fields": {"app_label": "store", "model": "shippingaddress"}}, {"model": "sessions.session", "pk": "1tq3yfxwmoiepheugitqniv9p0x3vx2b", "fields": {"session_data": ".eJxVjLEOgzAMRP_FcxURN7iGsXu_ATl2KLQVSAQmxL8XJBZ0w0n37m4FlWmGeoUANW43aGSZu2bJaWp6gxo8XLIo-k3DAewjw3t0Og7z1Ed3VNxJs3uNln7Ps3s56CR3-5otFiyBUlkRG909PVJplWfTgijslnYxKUZvQRAxFIpqXLXI0hJsf9RJPEM:1n8eQg:RVWYbh8vSKNL1UIsUhhU472jwrrVp0ftZkL0EfRSsv0", "expire_date": "2022-01-29T08:28:54.846Z"}}, {"model": "sessions.session", "pk": "7291zh0xzcd2cuy1684vmf0rqo5j7qjj", "fields": {"session_data": "eyJjYXJ0Ijp7fSwiY3VzdG9tZXIiOjR9:1myWfp:LmiN0t4WEanXP9OCPYKGxwfAYpVtZNACnoCeLHy1FKk", "expire_date": "2022-01-01T10:10:41.106Z"}}, {"model": "sessions.session", "pk": "bpcxgm96ld4t8797s5nm1fjmzgypx0o3", "fields": {"session_data": "eyJjYXJ0Ijp7IjEiOjIsIjIiOjJ9LCJjdXN0b21lciI6MX0:1mrOrY:sNnD0zs3kTuHtv5u7spz8r7C2OBrR7z1ruDH9mImUYo", "expire_date": "2021-12-12T18:25:20.878Z"}}, {"model": "sessions.session", "pk": "cmchlepx86b0ppw6u6n2fz2uwp21aluj", "fields": {"session_data": "ZGRhY2FkZWM5ZDZjYTcwNDljOWQwYmFkY2E1YTYzN2FiOTk5MzkxODp7ImNhcnQiOnsiMSI6MX0sImN1c3RvbWVyIjoxfQ==", "expire_date": "2022-01-02T02:51:54.427Z"}}, {"model": "sessions.session", "pk": "hisgqb956rk1mvi0bdrz5d0swvpvp7ye", "fields": {"session_data": "eyJjYXJ0Ijp7fX0:1n9wzi:CdW-bNbaWrcozEEOH_8KLzGm9PdNYzGYVNHLVHEPZIo", "expire_date": "2022-02-01T22:30:26.722Z"}}, {"model": "sessions.session", "pk": "n3o0l9var9ttd03w3468z2zd88p9396p", "fields": {"session_data": "eyJjYXJ0Ijp7fX0:1nA9ci:smCrXslHXb17WGQvotxQiQWhOxWk5_6yYY8Sytfil2s", "expire_date": "2022-02-02T11:59:32.364Z"}}, {"model": "sessions.session", "pk": "qo9mg4c62nwlr3eueu2xscjtqgtzp094", "fields": {"session_data": "ZDdlNDRjNDBlOTY2NGUwN2VmNGQ5MGU3NzgzYTMxOWUwYjRmZmE3Zjp7ImNhcnQiOnsiMTEiOjF9LCJjdXN0b21lciI6Nn0=", "expire_date": "2022-01-09T15:23:30.552Z"}}, {"model": "sessions.session", "pk": "rbowawgr7j0qp8xvvip3tqti0fcyw0q2", "fields": {"session_data": ".eJxVjDkOhDAQBP8yMUJjjA8cbr5vQONrYQ-QbBMh_r6ASEgq6K7uFRylAmYFDaapoD0pTkowrAJ1stu5VeCWXOZfSGBkBT0tZeiXHFI_ejDA4JZZcp8wHYV_0_SaazdPJY22PpT6anP9nH34Pi73djBQHva1s2hRyohc-YDaBrQMJckGubBORa2DxtZ1pLxo0FEUQluFbYyCS8YJtj-9nEWa:1myybW:34MmelquWZZkcu6vIM-lwnoxWGljv1do3ezgCMrzIwU", "expire_date": "2022-01-02T16:00:06.661Z"}}, {"model": "sessions.session", "pk": "rpe7aac616azmqf3e59vplnx6bx6fauz", "fields": {"session_data": "YWU5MzlhOWZhMDI4ZjJlZGNiZDI0ZTk3MmJkNWRjZTQyYTM4M2Q0ZDp7ImNhcnQiOnsiMiI6Mn0sImN1c3RvbWVyIjoxLCJfYXV0aF91c2VyX2lkIjoiMSIsIl9hdXRoX3VzZXJfYmFja2VuZCI6ImRqYW5nby5jb250cmliLmF1dGguYmFja2VuZHMuTW9kZWxCYWNrZW5kIiwiX2F1dGhfdXNlcl9oYXNoIjoiNzNhZWUzMDg2NWQ4MzNlZjg3ZjNmZTYyMWRkZmNjZmE1OTVjYzI1ZCJ9", "expire_date": "2022-01-02T05:57:29.879Z"}}, {"model": "sessions.session", "pk": "uz82fdhmk6si8bo3hx8ofuvrfaybrhy5", "fields": {"session_data": "NWRhZWUxMGRkNzFiOTdhOTQwZjgzNThiNjUzOGIyZDQ5YTdlYTY2Yzp7ImNhcnQiOnsiMTAiOjEsIjQiOjJ9LCJjdXN0b21lciI6MX0=", "expire_date": "2022-01-03T07:29:42.208Z"}}, {"model": "sessions.session", "pk": "wvmffz7xk8mxnjokgjztdrks1lahkc6t", "fields": {"session_data": "ODY1MDk4ODJmNTdlZDFkZDFmMjliYzMxYzk2MTFmNWUyMTIxM2RjZDp7ImN1c3RvbWVyIjo0LCJjYXJ0Ijp7IjYiOjEsIjUiOjMsIjEwIjoxfSwiX2F1dGhfdXNlcl9pZCI6IjEiLCJfYXV0aF91c2VyX2JhY2tlbmQiOiJkamFuZ28uY29udHJpYi5hdXRoLmJhY2tlbmRzLk1vZGVsQmFja2VuZCIsIl9hdXRoX3VzZXJfaGFzaCI6IjU4Mzk2Yzg1ZGZkNDQ2MDUxMWFhN2JhZDAxNDVjYWRiMjZhYTM4ODAifQ==", "expire_date": "2022-01-03T07:01:15.890Z"}}, {"model": "sessions.session", "pk": "xpwh5qqy8kdhaybx4p6h81641c5ivle8", "fields": {"session_data": "YTRmMzNiM2Y2NTAyOTNmMTc3MmIyNTg0NTFjNDUxOWZmMTQyYTc2Yzp7ImN1c3RvbWVyIjoxLCJjYXJ0Ijp7IjQiOjF9LCJfYXV0aF91c2VyX2lkIjoiMSIsIl9hdXRoX3VzZXJfYmFja2VuZCI6ImRqYW5nby5jb250cmliLmF1dGguYmFja2VuZHMuTW9kZWxCYWNrZW5kIiwiX2F1dGhfdXNlcl9oYXNoIjoiNTgzOTZjODVkZmQ0NDYwNTExYWE3YmFkMDE0NWNhZGIyNmFhMzg4MCJ9", "expire_date": "2022-01-09T13:52:04.939Z"}}, {"model": "store.category", "pk": 1, "fields": {"name": "Rings"}}, {"model": "store.category", "pk": 2, "fields": {"name": "Necklaces"}}, {"model": "store.category", "pk": 3, "fields": {"name": "Bracelets"}}, {"model": "store.category", "pk": 4, "fields": {"name": "Earrings"}}, {"model": "store.category", "pk": 5, "fields": {"name": "Miscellaneous"}}, {"model": "store.category", "pk": 6, "fields": {"name": "Handicrafts"}}, {"model": "store.product", "pk": 4, "fields": {"name": "Necklace 1", "price": 10, "category": 2, "description": "This is a red necklace", "image": "uploads/products/A3.jpg", "image2": "uploads/products/ring_tile.jpg", "image3": "uploads/products/ring_tile.jpg", "image4": "uploads/products/ring_tile.jpg"}}, {"model": "store.product", "pk": 5, "fields": {"name": "Necklace 2", "price": 20, "category": 2, "description": "This is a yellow necklace", "image": "uploads/products/M2.jpg", "image2": "uploads/products/ring_tile.jpg", "image3": "uploads/products/ring_tile.jpg", "image4": "uploads/products/ring_tile.jpg"}}, {"model": "store.product", "pk": 6, "fields": {"name": "Necklace 3", "price": 30, "category": 2, "description": "This is a green necklace", "image": "uploads/products/P2.jpg", "image2": "uploads/products/ring_tile.jpg", "image3": "uploads/products/ring_tile.jpg", "image4": "uploads/products/ring_tile.jpg"}}, {"model": "store.product", "pk": 7, "fields": {"name": "Necklace 5", "price": 40, "category": 2, "description": "jsjusj sjj", "image": "uploads/products/T2.jpg", "image2": "uploads/products/ring_tile.jpg", "image3": "uploads/products/ring_tile.jpg", "image4": "uploads/products/ring_tile.jpg"}}, {"model": "store.product", "pk": 8, "fields": {"name": "Earring 1", "price": 60, "category": 4, "description": "this is a test", "image": "uploads/products/G2.jpg", "image2": "uploads/products/ring_tile.jpg", "image3": "uploads/products/ring_tile.jpg", "image4": "uploads/products/ring_tile.jpg"}}, {"model": "store.product", "pk": 9, "fields": {"name": "Earring 2", "price": 46, "category": 4, "description": "This is a blue necklace", "image": "uploads/products/J3-2.jpg", "image2": "uploads/products/ring_tile.jpg", "image3": "uploads/products/ring_tile.jpg", "image4": "uploads/products/ring_tile.jpg"}}, {"model": "store.product", "pk": 10, "fields": {"name": "Bracelet 1", "price": 30, "category": 2, "description": "goood", "image": "uploads/products/bracelate_tile_j7L4CiJ.jpg", "image2": "uploads/products/ring_tile_O6wA70t.jpg", "image3": "uploads/products/ring_tile_RpBqCBH.jpg", "image4": "uploads/products/10000200-2_2-fresho-tomato-hybrid_lOCCwXf.jpg"}}, {"model": "store.product", "pk": 11, "fields": {"name": "ddd", "price": 100, "category": 1, "description": "gyvgh", "image": "uploads/products/Screenshot_from_2021-12-21_20-05-06.png", "image2": "uploads/products/ring_tile.jpg", "image3": "uploads/products/ring_tile.jpg", "image4": "uploads/products/ring_tile.jpg"}}, {"model": "store.product", "pk": 12, "fields": {"name": "This is a blue necklace with perls", "price": 234, "category": 2, "description": "This is a necklace with blue pearls and a ruby embedded in the center", "image": "uploads/products/G2_NBWO754.jpg", "image2": "uploads/products/G1.jpg", "image3": "uploads/products/G3.jpg", "image4": "uploads/products/ring_tile.jpg"}}, {"model": "store.customer", "pk": 7, "fields": {"user": 1, "first_name": "gaurang", "last_name": "verma", "phone": "123-456-7890", "email": "admin@admin.com", "password": "pbkdf2_sha256$260000$8SevLn3Agqoy4EavdVNASn$wHnkOHUBZ5Qf59jQavb5UdD5+h6AVtf1KVSdFcgt/ms="}}, {"model": "store.customer", "pk": 8, "fields": {"user": null, "first_name": "Aniket", "last_name": "", "phone": "123-123-1234", "email": "aniketbamotra.11@gmail.com", "password": "pbkdf2_sha256$260000$cNOHxAHE3UMCUrvDta8OgS$/kBuucPFzMjRC+6T3ixwKoeWoBaeUL/GSjYLnpPl0as="}}, {"model": "store.customer", "pk": 9, "fields": {"user": null, "first_name": "aniket", "last_name": "", "phone": "123-456-4567", "email": "aniket@gmail.com", "password": "pbkdf2_sha256$260000$l0BFHxleTABG0cX8GHCp8X$mtZJrq/ni769VfjbD6t3gCVzb6zdl+AuFDsIoqdeh48="}}, {"model": "store.customer", "pk": 10, "fields": {"user": null, "first_name": "aniket", "last_name": "", "phone": "123-456-7890", "email": "aniket@aniket.com", "password": "pbkdf2_sha256$260000$BgSHawdb8o3n7S9p6MRH2w$f2tje8eYl3zR1HfsoE70smi3NXBsbTuHANFZghP45OQ="}}, {"model": "store.customer", "pk": 11, "fields": {"user": null, "first_name": "", "last_name": "", "phone": "", "email": "example@ab.com", "password": ""}}, {"model": "store.customer", "pk": 12, "fields": {"user": null, "first_name": "", "last_name": "", "phone": "", "email": "example@gmail.com", "password": ""}}, {"model": "store.customer", "pk": 13, "fields": {"user": null, "first_name": "", "last_name": "", "phone": "", "email": "abc@def.com", "password": ""}}, {"model": "store.customer", "pk": 14, "fields": {"user": null, "first_name": "", "last_name": "", "phone": "", "email": "ex@cur.com", "password": ""}}, {"model": "store.customer", "pk": 15, "fields": {"user": null, "first_name": "", "last_name": "", "phone": "", "email": "a@c.com", "password": ""}}, {"model": "store.order", "pk": 1, "fields": {"customer": 7, "status": false, "date_ordered": "2022-01-12T23:16:41.165Z", "transaction_id": "1111"}}, {"model": "store.order", "pk": 2, "fields": {"customer": 11, "status": false, "date_ordered": "2022-01-18T19:23:05.530Z", "transaction_id": null}}, {"model": "store.order", "pk": 3, "fields": {"customer": 11, "status": false, "date_ordered": "2022-01-18T19:24:40.673Z", "transaction_id": null}}, {"model": "store.order", "pk": 4, "fields": {"customer": 11, "status": true, "date_ordered": "2022-01-18T19:25:44.226Z", "transaction_id": "1642533944.201309"}}, {"model": "store.order", "pk": 5, "fields": {"customer": 11, "status": true, "date_ordered": "2022-01-18T19:27:15.590Z", "transaction_id": "1642534035.562627"}}, {"model": "store.order", "pk": 6, "fields": {"customer": 12, "status": true, "date_ordered": "2022-01-18T19:32:02.810Z", "transaction_id": "1642534322.777676"}}, {"model": "store.order", "pk": 7, "fields": {"customer": 13, "status": true, "date_ordered": "2022-01-18T19:47:20.455Z", "transaction_id": "1642535240.416519"}}, {"model": "store.order", "pk": 8, "fields": {"customer": 14, "status": true, "date_ordered": "2022-01-18T19:56:28.002Z", "transaction_id": "1642535787.972506"}}, {"model": "store.order", "pk": 9, "fields": {"customer": 15, "status": true, "date_ordered": "2022-01-18T20:18:53.515Z", "transaction_id": "1642537133.473598"}}, {"model": "store.order", "pk": 10, "fields": {"customer": 15, "status": true, "date_ordered": "2022-01-18T20:20:56.735Z", "transaction_id": "1642537256.7036"}}, {"model": "store.order", "pk": 11, "fields": {"customer": 15, "status": true, "date_ordered": "2022-01-18T20:24:31.746Z", "transaction_id": "1642537471.696905"}}, {"model": "store.order", "pk": 12, "fields": {"customer": 15, "status": true, "date_ordered": "2022-01-18T20:26:07.002Z", "transaction_id": "1642537566.98213"}}, {"model": "store.order", "pk": 13, "fields": {"customer": 8, "status": true, "date_ordered": "2022-01-19T10:02:38.673Z", "transaction_id": "1642586558.211643"}}, {"model": "store.order", "pk": 14, "fields": {"customer": 8, "status": true, "date_ordered": "2022-01-19T11:35:04.618Z", "transaction_id": "1642592104.476205"}}, {"model": "store.orderitem", "pk": 4, "fields": {"product": 5, "order": 1, "quantity": 4, "data_added": "2022-01-15T07:44:31.586Z"}}, {"model": "store.orderitem", "pk": 12, "fields": {"product": 4, "order": 2, "quantity": 5, "data_added": "2022-01-18T19:23:05.547Z"}}, {"model": "store.orderitem", "pk": 13, "fields": {"product": 5, "order": 2, "quantity": 1, "data_added": "2022-01-18T19:23:05.555Z"}}, {"model": "store.orderitem", "pk": 14, "fields": {"product": 4, "order": 3, "quantity": 5, "data_added": "2022-01-18T19:24:40.688Z"}}, {"model": "store.orderitem", "pk": 15, "fields": {"product": 5, "order": 3, "quantity": 1, "data_added": "2022-01-18T19:24:40.703Z"}}, {"model": "store.orderitem", "pk": 16, "fields": {"product": 4, "order": 4, "quantity": 5, "data_added": "2022-01-18T19:25:44.242Z"}}, {"model": "store.orderitem", "pk": 17, "fields": {"product": 5, "order": 4, "quantity": 1, "data_added": "2022-01-18T19:25:44.258Z"}}, {"model": "store.orderitem", "pk": 18, "fields": {"product": 4, "order": 5, "quantity": 5, "data_added": "2022-01-18T19:27:15.605Z"}}, {"model": "store.orderitem", "pk": 19, "fields": {"product": 5, "order": 5, "quantity": 1, "data_added": "2022-01-18T19:27:15.622Z"}}, {"model": "store.orderitem", "pk": 20, "fields": {"product": 4, "order": 6, "quantity": 1, "data_added": "2022-01-18T19:32:02.825Z"}}, {"model": "store.orderitem", "pk": 21, "fields": {"product": 6, "order": 1, "quantity": 1, "data_added": "2022-01-18T19:43:35.154Z"}}, {"model": "store.orderitem", "pk": 25, "fields": {"product": 8, "order": 8, "quantity": 1, "data_added": "2022-01-18T19:56:28.015Z"}}, {"model": "store.orderitem", "pk": 26, "fields": {"product": 9, "order": 8, "quantity": 1, "data_added": "2022-01-18T19:56:28.029Z"}}, {"model": "store.orderitem", "pk": 27, "fields": {"product": 4, "order": 9, "quantity": 1, "data_added": "2022-01-18T20:18:53.522Z"}}, {"model": "store.orderitem", "pk": 28, "fields": {"product": 6, "order": 9, "quantity": 1, "data_added": "2022-01-18T20:18:53.536Z"}}, {"model": "store.orderitem", "pk": 29, "fields": {"product": 4, "order": 10, "quantity": 1, "data_added": "2022-01-18T20:20:56.750Z"}}, {"model": "store.orderitem", "pk": 30, "fields": {"product": 6, "order": 10, "quantity": 1, "data_added": "2022-01-18T20:20:56.763Z"}}, {"model": "store.orderitem", "pk": 31, "fields": {"product": 4, "order": 11, "quantity": 1, "data_added": "2022-01-18T20:24:31.760Z"}}, {"model": "store.orderitem", "pk": 32, "fields": {"product": 6, "order": 11, "quantity": 1, "data_added": "2022-01-18T20:24:31.775Z"}}, {"model": "store.orderitem", "pk": 33, "fields": {"product": 4, "order": 12, "quantity": 1, "data_added": "2022-01-18T20:26:07.017Z"}}, {"model": "store.orderitem", "pk": 34, "fields": {"product": 6, "order": 12, "quantity": 1, "data_added": "2022-01-18T20:26:07.032Z"}}, {"model": "store.orderitem", "pk": 35, "fields": {"product": 4, "order": 13, "quantity": 2, "data_added": "2022-01-19T10:02:38.737Z"}}, {"model": "store.orderitem", "pk": 36, "fields": {"product": 5, "order": 13, "quantity": 3, "data_added": "2022-01-19T10:02:38.770Z"}}, {"model": "store.orderitem", "pk": 40, "fields": {"product": 9, "order": 1, "quantity": -1, "data_added": "2022-01-19T10:16:52.199Z"}}, {"model": "store.orderitem", "pk": 41, "fields": {"product": 8, "order": 1, "quantity": -1, "data_added": "2022-01-19T10:16:59.036Z"}}, {"model": "store.orderitem", "pk": 42, "fields": {"product": 4, "order": 14, "quantity": 2, "data_added": "2022-01-19T11:35:04.641Z"}}, {"model": "store.orderitem", "pk": 43, "fields": {"product": 6, "order": 14, "quantity": 1, "data_added": "2022-01-19T11:35:04.656Z"}}, {"model": "store.orderitem", "pk": 44, "fields": {"product": 12, "order": 14, "quantity": 2, "data_added": "2022-01-19T11:35:04.674Z"}}, {"model": "store.shippingaddress", "pk": 1, "fields": {"customer": 7, "order": null, "receiver_name": null, "address_line_1": null, "address_line_2": null, "city": null, "state": null, "zip": null, "receiver_phone": "", "receiver_email": "", "express_shipping": false}}, {"model": "store.shippingaddress", "pk": 2, "fields": {"customer": 11, "order": 5, "receiver_name": null, "address_line_1": "abvc", "address_line_2": "abvc", "city": "abvc", "state": "abvc", "zip": "11001", "receiver_phone": "", "receiver_email": "", "express_shipping": false}}, {"model": "store.shippingaddress", "pk": 3, "fields": {"customer": 12, "order": 6, "receiver_name": null, "address_line_1": "dsfh", "address_line_2": "gfj", "city": "sdfg", "state": "gsj", "zip": "11001", "receiver_phone": "", "receiver_email": "", "express_shipping": false}}, {"model": "store.shippingaddress", "pk": 4, "fields": {"customer": 13, "order": 7, "receiver_name": "john", "address_line_1": "North", "address_line_2": "Park", "city": "Queens", "state": "NY", "zip": "11001", "receiver_phone": "123-456-7890", "receiver_email": "", "express_shipping": false}}, {"model": "store.shippingaddress", "pk": 5, "fields": {"customer": 14, "order": 8, "receiver_name": "Smith", "address_line_1": "Street", "address_line_2": "PartAve", "city": "Q", "state": "YN", "zip": "10011", "receiver_phone": "987-654-3210", "receiver_email": "", "express_shipping": false}}, {"model": "store.shippingaddress", "pk": 6, "fields": {"customer": 15, "order": 12, "receiver_name": "asdklg", "address_line_1": "Baker's Street", "address_line_2": "kalsgjl", "city": "hgaaier", "state": "kcsdfgh", "zip": "21012", "receiver_phone": "675-675-6756", "receiver_email": "a@c.com", "express_shipping": false}}, {"model": "store.shippingaddress", "pk": 7, "fields": {"customer": 8, "order": 13, "receiver_name": "Aniket Bamotra", "address_line_1": "114, Jagdamba colony, Janki Nagar road", "address_line_2": "Ahinsa chowk", "city": "Jabalpur", "state": "Madhya Pradesh", "zip": "48200", "receiver_phone": "123-123-1223", "receiver_email": "aniketbamotra.11@gmail.com", "express_shipping": false}}, {"model": "store.shippingaddress", "pk": 8, "fields": {"customer": 8, "order": 14, "receiver_name": "Aniket Bamotra", "address_line_1": "114, Jagdamba colony, Janki Nagar road", "address_line_2": "Ahinsa chowk", "city": "Jabalpur", "state": "Madhya Pradesh", "zip": "48200", "receiver_phone": "123-123-1223", "receiver_email": "aniketbamotra.11@gmail.com", "express_shipping": false}}]